链接地址,标题,内容
https://www.xiaohongshu.com/explore/63122a19000000001303beb4,自学Python，有这就够了，不要再盲目啦,很多小红薯们，在自学Python的时候，缺乏专业的指导，一股脑跟着网上的教程学（不完整），或者一根筋的盯着一本书啃，不仅见效慢，还容易放弃 📚那么自学Python的小红薯们，不要错过咯，这里有全套梓源 	 Python工程师熬夜制作的学习知识思维导图，涵盖了入门Python要掌握的知识点。 清华教授的Python讲解视频 入门书籍当然也是不可少的啦 247实践案例，实践出真知 70个练手项目，做项目，才是我们学习Python编程的目的呀。
https://www.xiaohongshu.com/explore/642598180000000013036a69,з”ЁPythonз”»рҹ‘үрҹҸ»еҠЁжҖҒжЁұиҠұж ‘е’Ңжҡ—иүІжЁұиҠұж ‘,рҹ”Ҙз”ЁPythonз”»рҹ‘үрҹҸ»еҠЁжҖҒжЁұиҠұж ‘е’Ңжҡ—иүІжЁұиҠұж ‘ рҹ”Ҙturtleз»ҳеӣҫеә“жҢҮд»ӨеӨ§е…ЁпјҢеӣҫв‘ЈйҒ“еӣҫв‘Ҙрҹ‘ҚрҹҸ»рҹ‘ҚрҹҸ»рҹ‘ҚрҹҸ»
https://www.xiaohongshu.com/explore/64267633000000000703b940,零基础学Python的六个宝藏APP,前段时间发现了几个宝藏手机APP！可以用它们来学习Python编程，感觉很赞！ 今天分享给大家，可以很好地利用平时的碎片时间来学习。
https://www.xiaohongshu.com/explore/61c1b4d500000000210396ef,大一期末备战|python复习知识点整理Day1,我是翻着上交出版社的教材一点点复习整理出来的考点，希望能帮到大家啦      这里是Mia不跑不跑，大一期末备战ing，会不定期分享学习方法技巧干货，可能还会有帅哥美女美食，多多关照一键三连吖
https://www.xiaohongshu.com/explore/63707440000000000c02193f,李峋爱心代码Python,李峋爱心代码Python
https://www.xiaohongshu.com/explore/63d78c18000000000800788e,超全必存❗️python常用单词大合集❗️,为了方便大家更好的入门Python 学习，本白帮大家整理了Python 语言入门常见的英文单词❗️ 词汇量不大，大概百十来个，多敲多练，预估两周左右可以熟记！ 学好python，走遍天下都不怕
https://www.xiaohongshu.com/explore/640ea70b0000000027001def,我居然学会了。。。。（python）,在小红书一位热心朋友的建议下，调试了三个多小时，终于搞定了
https://www.xiaohongshu.com/explore/630567d7000000001e00b8bc,10天学完Python基础语法 # 第2天,10天学完Python基础语法 # 第2天
https://www.xiaohongshu.com/explore/6422a0430000000027012298,python怎么学？我的自学之路🈶️,之前答应了姐妹出SQL和python怎么学习的帖子呀，前几天出了SQL的啦，今天下午整理了一下python自学路线呀，嘿嘿，完成了姐妹的需求啦 	 加油鸭，希望能对想要学习python的小伙伴们起到一点点帮助呀        @薯队长 @知识薯
https://www.xiaohongshu.com/explore/64058ada0000000027012422,🉐Python黑客全套白嫖，很难找这么全了,Python+Kali网络安全黑客技术全教程，错过了这村就没这店了。 全套教程包括内容干货+实战演习+模拟靶场训练 ，零基础小白一定不能错过✔️
https://www.xiaohongshu.com/explore/640ebb020000000013015752,用Python画满树樱花,"✅ 关于turtle库 turtle库是Python语言中一个很流行的绘制图像的函数库，想象一个小乌龟，在一个横轴为x、纵轴为y的坐标系原点，(0,0)位置开始，它根据一组函数指令的控制，在这个平面坐标系中移动，从而在它爬行的路径上绘制了图形。 	 ✅ turtle常用函数 forward(距离) 小海龟向前移动点数 backward(距离) 小海龟后退移动点数 left(角度) 小海龟的现有方向下左转指定度数 right(角度) 小海龟的现有方向下右转指定度数 circle(半径) 画圆 pd() 画笔落下 pu() 画笔抬起 pensize(宽度) 设置画笔的宽度 pencolor(颜色) 设置画笔勾线颜色 speed(速度) 设置小海龟移动的速度"
https://www.xiaohongshu.com/explore/642a3f7e0000000027002e51,ChatGPT带我1小时写出Python爬虫,之前从来没有接触过Python编程，只有一点java经验 	 一直想学Python编程，但是感觉要花好多时间才能学会爬虫。 	 按照ChatGPT指导，1个小时就学会了，而且ChatGPT还给了好多文档资料让我参考 	 以下是我与ChatGPT交流的提示词，有需要同学可收藏： 	  我想学习python编程语言，但我没有任何经验，请指导我学习，从环境安装开始  安装好Python后，如何将Python加入系统环境变量中。  我已搭建好环境，请教我写第一个python程序，并解释语法  请列举一些常用语法，并解释如何使用  请教我写一个简单的爬虫代码，并解释其中的原理
https://www.xiaohongshu.com/explore/62ece3aa000000001203bd76,Python自学就足够！非计算机专业经验总结,HI大家好，我是Faye发发酱，跟大家分享一个开心的消息：我通过了之前一直很担心的python笔试！因为我现在也到了研三找工作的阶段了，虽然投的是非技术岗，但是有的岗位竟然考python。。搞得我慌了好久，好在已经顺利通过啦，因此也跟大家，尤其是人文科专业自学python的同学们分享我的python 自学方法，亲测有效！ 	 1⃣️先学基础语法，了解一下代码基础 （学过其它语言的同学可以略过这步）编程小白学python一定从这一步开始，先把基础的语法搞定。这里我当时用的资料主要是以下图书： 🌟 python编程 从入门到实践 优点：文科生也能看懂的python自学教程，我自己用一个假期跟着这书边看写写代码。开始真正入门python 缺点：对小白来说块头太大，后半部分的项目实例可以不看，不是纯搞技术的同学看项目实例意义不大 	 2⃣️有了代码基础就动手刷题，这才是重点 刷题工具可以了解下PythonTip，题目难度从简单入门级，到中等难度再到难题都有覆盖。而且在线编译环境，连环境配置和IDE安装都省去了 另外如果有系统化python学习需求，但是大家又担心自己自制力/代码基础差，可以了解下网站的“从零开始学python”，除了系统教程之外，还有一对一老师答疑，这个是看书或网课不能代替的，感觉很多小白同学肯定很需要这个，大家可参考~ 	 3⃣️ 代码的尽头是GitHub 我发现很多新手小白不了解很多非常有价值的互联网资源，比如调包侠们的天堂GitHub，想用代码做一件事之前，可以先到这里搜一下，会发现有很多现成的Python代码可以使用，比自己造轮子快多了。比如我师兄的毕业论文，数据就是某博抓取的内容，当时问师兄他怎么做的，他直接丢了一个GitHub项目链接给我… 🌟写在后面： 感觉我的经历和这句鸡汤好像，和大家共勉：“18岁觉得英文难，放弃英文，28岁出现一个很棒但要会英文的工作，你只好说我不会。人生前期越嫌麻烦，越懒得学，后来就越可能错过让你动心的人和事，错过新风景。”读书时觉得Python编程难，毕业时遇到一个你很想要的工作机会需要会写python，但是我们告诉它：这题我还真会！@校园薯 @薯队长 @知识薯
https://www.xiaohongshu.com/explore/6423f205000000001303e19d,🔥Python常用的100个函数,🔥Python常用的100个函数，初学Python 熟悉这些，可以大大提高编程效率👍🏻
https://www.xiaohongshu.com/explore/6419a7b700000000070382cb,过来人忠告：提醒那些准备学Python的人,🙋🏻♀️作为过来人，真的劝没事干的小伙伴可以学一下Python . 前段时间有个学妹在后台和我说她想转行，但是很迷茫，让我给她一点建议。后面我找到她，她给我说她现在的情况，我听后给她讲了一些IT相关的规划，她学习了4个多月后，投了简历，也是成功找到一份实习💰10k，转正15K的工作。 👏如果有和学妹一样情况的，比较迷茫，找不到好的工作，工资又低，不妨试试Python。掌握Python语言这一条写在简历里就是很大的加分项！且以后工作免不了要与各种数据打交道 . 🔷分享一下Python的学习路线 👉第.一阶段Python基础。这是Python的入门阶段也是帮助零基础的人打好基础的重要阶段！ 👉第二阶段Web全栈。可以掌握掌握Web前端技内容、Web后端框架，并熟练使用Flask、Tornado、ango。 👉第三阶段数据分析+人工智.能。可以掌握爬虫、数据采集，数据机构与算法进阶和人工智.能技术。 👉第四阶段高级进阶。可以掌握自动化运维与区t链开发技术，可以完成自动化运维项目、区块链等阶段项目。 . 🔷我的python学习法则是： 👉一定要手动敲代码，不要复制粘贴。 只有手动大脑才会留下记忆，加深学习过程印象，所有的操作步骤都经过思考进行的，才能记的牢固 👉不要害怕出错。 很多人一开始学习就是害怕打错一个代码，其实错是正常的，就是要反复的错误中找出正确答案，输入错误的时候代码回给出反馈，这样就会激发你的思考，加深记忆 👉不要死记硬背 python有很多的代码库，不可能记得完整，蕞好的方式是多练去掌握解题思路，这样你在遇到相似代码时候自然就会熟悉知道下一步该写什么 . ⭕其实Python简单易学，我学过很多门编程语言，JAVA、C、C++…，我觉得它的简单程度是在其中排首位🔝的 如果不喜欢现在的专业，或者是不太好就业的专业，可以利用Python实现转行，比如转到数据分析行业、web开发、数据库等 还有很多实际的功能，比如根据数据画图表、批量处理文件和数据等，很多机械性任务都可以交给它去做           #在工作中你会怎么摸鱼 
https://www.xiaohongshu.com/explore/6419a7b700000000070382cb,过来人忠告：提醒那些准备学Python的人,🙋🏻♀️作为过来人，真的劝没事干的小伙伴可以学一下Python . 前段时间有个学妹在后台和我说她想转行，但是很迷茫，让我给她一点建议。后面我找到她，她给我说她现在的情况，我听后给她讲了一些IT相关的规划，她学习了4个多月后，投了简历，也是成功找到一份实习💰10k，转正15K的工作。 👏如果有和学妹一样情况的，比较迷茫，找不到好的工作，工资又低，不妨试试Python。掌握Python语言这一条写在简历里就是很大的加分项！且以后工作免不了要与各种数据打交道 . 🔷分享一下Python的学习路线 👉第.一阶段Python基础。这是Python的入门阶段也是帮助零基础的人打好基础的重要阶段！ 👉第二阶段Web全栈。可以掌握掌握Web前端技内容、Web后端框架，并熟练使用Flask、Tornado、ango。 👉第三阶段数据分析+人工智.能。可以掌握爬虫、数据采集，数据机构与算法进阶和人工智.能技术。 👉第四阶段高级进阶。可以掌握自动化运维与区t链开发技术，可以完成自动化运维项目、区块链等阶段项目。 . 🔷我的python学习法则是： 👉一定要手动敲代码，不要复制粘贴。 只有手动大脑才会留下记忆，加深学习过程印象，所有的操作步骤都经过思考进行的，才能记的牢固 👉不要害怕出错。 很多人一开始学习就是害怕打错一个代码，其实错是正常的，就是要反复的错误中找出正确答案，输入错误的时候代码回给出反馈，这样就会激发你的思考，加深记忆 👉不要死记硬背 python有很多的代码库，不可能记得完整，蕞好的方式是多练去掌握解题思路，这样你在遇到相似代码时候自然就会熟悉知道下一步该写什么 . ⭕其实Python简单易学，我学过很多门编程语言，JAVA、C、C++…，我觉得它的简单程度是在其中排首位🔝的 如果不喜欢现在的专业，或者是不太好就业的专业，可以利用Python实现转行，比如转到数据分析行业、web开发、数据库等 还有很多实际的功能，比如根据数据画图表、批量处理文件和数据等，很多机械性任务都可以交给它去做           #在工作中你会怎么摸鱼 
https://www.xiaohongshu.com/explore/636eeb9c00000000240211ea,学生党必看｜期末Python笔记干货总结,一期Python零基础干货分享，编程真的很重要啦～在学习日常中必不可少，记下这些基础干货，利用碎片化时间悄悄学习，期末告别不及格～
https://www.xiaohongshu.com/explore/63e3152a00000000080042e6,Python基础知识背记👍,✅Python基础知识背记手册 👉该说不说，对Python新人小白来说，真的很实用👍
https://www.xiaohongshu.com/explore/642fb580000000001303fca5,零基础入门Python学习大全,Python最佳学习路线来了，想要入门学习的小伙伴们，千万不要错过了。 踢踢
https://www.xiaohongshu.com/explore/631eca49000000001101594b,这是我最近用Python接的一个小活,前几天接了个私活，今天把它分享给大家，客户需求是要把2000多个Word文件合并成一个Excel表格，这样客户就不需要打开每一个Word文件查看数据，直接打开一个Excel表格就可以看到所有数据了。 	 经过简单的分析之后，花了3个多小时完成了开发和调试，代码开发流程如下： 1⃣️ 遍历目录中所有的Word文件 2⃣️ 读取所有Word文件中的文本数据 3⃣️ 把读出来的所有数据组合成为json格式 4⃣️ 解析json数据并将数据对应写入到Excel表格中 5⃣️ 校对数据的准确性，交付客户 	 有兴趣的小伙伴可以去读一下代码，可以在代码中学习到：读取Word文件、组合解析json数据、创建Excel表格等程序的编写方法。
https://www.xiaohongshu.com/explore/5f8d6299000000000101ff81,大学get新技能|自学Python|提高简历含金量,"👊👊大家好！从七月斗志满满开始学习Python，经过将近三个月的苦战，和大家分享一波我的Python学习干货！ · 高能预警，细水长流不如短期猛攻！Python圈里，流传着这样一句话——三个月你能学会Python，六个月你不一定学不会Python。强调的就是短期高效学习的重要！那么零基础要怎么学习Python？ · 2⃣明确自己为什么要学？我呢！是因为之前在做实习生的时候，处理数据实在太慢啦！我想做数据快些实习生的苦，实在扛不住了 	 3⃣学习网站 	 学习心得 ✔️练习题是一定要做的，建议大家：不要轻易看别人写好的现成代码！！必须自己想，自己编，自己调试！错了没关系，一定要有自己思索的过程！ ✔️万事开头难，一定要坚持 · 今天我掏出家底,给大家分享一个私藏了2年学习资源,让你尽情自学Python,从此自学不求人。 重点是都免费!都免费! . Python开发环境安装教程🈶 Python400集自学视频🈶 60本电子书PDF电子版🈶 软件开发常用词汇🈶 项目源码案例分享🈶 数据分析与爬虫🈶 .  以上分享是我学习过程中看了很多的教程之后筛选出来的适合新手快速学习 python的教程,少即是多,按照教程方向,入们门到精通绝对不是问题。 如果你也想掌握一门技能,就从现在开始学习让自己变得更好吧。 . 以上资料获取流程： 1.点击头像 2.后台单独回复“Python”即可! 3.評論區回復“学习” 切记是单独回复!可以的话最好点点点闋注会更方便发你！ ·"
https://www.xiaohongshu.com/explore/62f9051b0000000012009854,自学Python「爬虫」：实例操作,自学Python 	 每天学一点，从基础开始💪
https://www.xiaohongshu.com/explore/6422dd2800000000130168fc,用python画满樱花树,"用 Python画满树樱花 关于turtle库 turtle 库是Python 语言中一个很流行的绘制因像的西数库，想象一个小乌龟，在一个 横轴为x、纵轴为 y的坐标系原点，(0,0)位登开始，它根据一组西数指令的控制， 在这个平面坐标系中移动，从而在它爬行的路径上绘制了图形 turtle常用函数 forward(距离)小海龟向前移动点数 backward(距离)小海龟后退移动点数 left(角度）小海龟的现有方向下左转指定度数 right(角度)小海龟的现有方向下右转指定度数 circle (半径）画圆 pd()画笔落下 pu() 画笔抬起 pensize(宽度）设置画笔的宽度 pencolor(颜色） 设置画笔勾线颜色 speed(速度） 设置小海龟移动的速度"
https://www.xiaohongshu.com/explore/63578b83000000001601d4e5,背下来！你就是python大师！,Python是如今写代码最常用的工具之一，那么如何能够快速的，便捷的，顺利的使用Python这个工具呢？ 这236个单词背下来，你就是一代Python大师！！
https://www.xiaohongshu.com/explore/63a04703000000001902038f,一个月速成Python❓❗学习Python的经验分享,最近发现有很多小伙伴在寒假都有着自学Python的想法，但却不知去哪里找到合适的课程资源。说到这那么热爱Python的我就有话说了！ 这期和大家分享作为一个0基础的人，我是如何在一个月内完成Python入门的，掌握了Python基础和Anaconda的。 - Python有什么帮助呢？ 其实，无论你是学生党还是打工人，Python最大的作用就是提高我们的效率，增强个人竞争力。例如： ✔人事行政岗位：用Python进行公司资产盘点，整理和记录，自动生成考勤，考勤后的薪资计算。 ✔财务岗位：使用Python完成庞大的税务数据统计，公司整体财务分析，以及第二年的支出预测。 ✔新媒体岗位：爬取评论、抓取门户网站信息，往大数据方向提升。 - 零基础学习编程，一定要多动手实践。如果跟教材学习，尽量把里面的例子都亲自敲一遍，代码是敲出来的。 - 最好选择Python3。Python3和Python2区别还是比较大，以后环境肯定是更多使用Python3。 语言环境，计算机小白，推荐使用Anaconda+Pycharm吧。直接下载安装，步骤非常简单。 - 至于我当时用的具体的学习渠道，可以看图。 - 请时刻牢记： - Python是工具，对于和我一样非专业人士而言，学会使用Python最重要，不强求你熟知理论知识，实际操作才是硬道理！             @小红书成长助手
https://www.xiaohongshu.com/explore/6433e26a00000000130073c2,欢乐谷商业数据分析🎉附python源码呦~,今天小编给大家带来的是利用python挖取网络上所有欢乐谷的地方价格、销量数据，并做成美观清晰的可视化图表，接着会生成一份详细并且很科学的商业数据分析报告和销售建议。 ㊙️可以用来做毕业设计或期末作业项目呦~
https://www.xiaohongshu.com/explore/63a90ac6000000001b025c7e,💞Python经典习题100道，看到就是赚到,分解质因数 输出日期 猴子偷桃 斐波那契数列 画菱形 递归输出 ...... 经典习题100题 刷到就是赚到
https://www.xiaohongshu.com/explore/642fb580000000001303fca5,零基础入门Python学习大全,Python最佳学习路线来了，想要入门学习的小伙伴们，千万不要错过了。 踢踢
https://www.xiaohongshu.com/explore/63f0a68b000000001301373c,Python学习100个常用函数汇总❗可速查速用,大家好 最近把Python💯个常用函数整理了一下，从最基础的输入输出函数到正则等12个板块，方便用的时候可以快速过一下，加深学习!
https://www.xiaohongshu.com/explore/62ad6af00000000001029e8f,Python的主要用途是什么 建议收藏💕,📖Python主要的五大应用介绍： 一、Web开发✨ Python的诞生历史比Web还要早，由于Python是一种解释型的脚本语言，开发效率高，所以非常适合用来做Web开发。 Python有上百种Web开发框架，有很多成熟的模板技术，选择Python开发Web应用，不但开发效率高，而且运行速度快 二、网络爬虫✨ 网络爬虫是Python比较常用的一个场景，国际上google在早期大量地使用Python语言作为网络爬虫的基础，带动了整个Python语言的应用发展。 💡如：从各大网站爬取商品折扣信息，比较获取最优选择；对社交网络上发言进行收集分类，生成情绪地图，分析语言习惯；爬取网易云音乐某一类歌曲的所有评论，生成词云；应用实在太多，几乎每个人学习爬虫之后都能够通过爬虫去做一些好玩有趣有用的事。 三、人工智能✨ 人工智能的核心算法大部分还是依赖于C/C++的，因为是计算密集型，需要非常精细的优化，还需要GPU、专用硬件之类的接口，这些都只有C/C++能做到。 而Python是这些库的API binding，使用Python是因为CPython的胶水语言特性，要开发一个其他语言到C/C++的跨语言接口，Python是最容易的，比其他语言的门槛要低不少，尤其是使用Cython的时候。 四、数据分析✨ 数据分析处理方面，Python有很完备的生态环境。&quot;大数据”分析中涉及到的分布式计算、数据可视化、数据库操作等，Python中都有成熟的模块可以选择完成其功能。对于Hadoop-MapReduce和Spark，都可以直接使用Python完成计算逻辑，这无论对于数据科学家还是对于数据工程师而言都是十分便利的。 五、自动化运维✨ Python对于服务器运维而言也有十分重要的用途。由于目前几乎所有Linux发行版中都自带了Python解释器，使用Python脚本进行批量化的文件部署和运行调整都成了Linux服务器上很不错的选择。 以上就是python的主要用途是什么的详细内容📖    #
https://www.xiaohongshu.com/explore/6419a7b700000000070382cb,过来人忠告：提醒那些准备学Python的人,🙋🏻♀️作为过来人，真的劝没事干的小伙伴可以学一下Python . 前段时间有个学妹在后台和我说她想转行，但是很迷茫，让我给她一点建议。后面我找到她，她给我说她现在的情况，我听后给她讲了一些IT相关的规划，她学习了4个多月后，投了简历，也是成功找到一份实习💰10k，转正15K的工作。 👏如果有和学妹一样情况的，比较迷茫，找不到好的工作，工资又低，不妨试试Python。掌握Python语言这一条写在简历里就是很大的加分项！且以后工作免不了要与各种数据打交道 . 🔷分享一下Python的学习路线 👉第.一阶段Python基础。这是Python的入门阶段也是帮助零基础的人打好基础的重要阶段！ 👉第二阶段Web全栈。可以掌握掌握Web前端技内容、Web后端框架，并熟练使用Flask、Tornado、ango。 👉第三阶段数据分析+人工智.能。可以掌握爬虫、数据采集，数据机构与算法进阶和人工智.能技术。 👉第四阶段高级进阶。可以掌握自动化运维与区t链开发技术，可以完成自动化运维项目、区块链等阶段项目。 . 🔷我的python学习法则是： 👉一定要手动敲代码，不要复制粘贴。 只有手动大脑才会留下记忆，加深学习过程印象，所有的操作步骤都经过思考进行的，才能记的牢固 👉不要害怕出错。 很多人一开始学习就是害怕打错一个代码，其实错是正常的，就是要反复的错误中找出正确答案，输入错误的时候代码回给出反馈，这样就会激发你的思考，加深记忆 👉不要死记硬背 python有很多的代码库，不可能记得完整，蕞好的方式是多练去掌握解题思路，这样你在遇到相似代码时候自然就会熟悉知道下一步该写什么 . ⭕其实Python简单易学，我学过很多门编程语言，JAVA、C、C++…，我觉得它的简单程度是在其中排首位🔝的 如果不喜欢现在的专业，或者是不太好就业的专业，可以利用Python实现转行，比如转到数据分析行业、web开发、数据库等 还有很多实际的功能，比如根据数据画图表、批量处理文件和数据等，很多机械性任务都可以交给它去做           #在工作中你会怎么摸鱼 
https://www.xiaohongshu.com/explore/628260d6000000000102571c,70个python练手项目+源码，干货满满‼️,学习最怕什么？🤔肯定是对所学的内容失去兴趣了！ 学python也是一样的，死记硬背没有用，融会贯通才是硬道理！ 这里整理了70个Python实战项目列表，都有完整且详细的教程✨，你可以从中选择自己想做的项目进行参考学习练手，你也可以从中寻找灵感去做自己的项目~ 👉适合-零基础-初学者-毕业设计-日常练手都很不错✌️
https://www.xiaohongshu.com/explore/63fdce9e0000000027001fe6,23个Python实战项目，附源代码+超全讲解,👉哈喽，大家好，今天作者给大家分享一份Python实战教程，从23个项目入手，共计23个章节，580页内容，超详细！附带全部源码及开发流程中的相关技术、重难点说明。 ✔✔✔ 👉内容涵盖： 1⃣️数据分析（开心麻花影视作品分析、Excel数据分析） 2⃣️小游戏（简易五子棋、玛丽冒险、飞机大战） 3⃣️实用小工具（DIY字符画、超级画板、Word助手、图片批量处理器） 4⃣️人工智能（智能停车场车牌识别计费系统、AI智能联系人管理系统） 5⃣️Web开发（51商城、BBS问答社区、甜橙音乐网、智慧校园评测） 6⃣️网络爬虫（RCQ读者书库、火车票分析助手、高德地图+58租房） 7⃣️微信小程序（看图猜成语、今天吃什么、微信机器人） ✔ 赶快学习起来吧💪💪💪
https://www.xiaohongshu.com/explore/643237510000000013004db9,各种算法的python实现方案，让你轻松学会,你还为不知道怎么实现python算法而苦恼吗？今天小编整理了一份各种算法的python实现方案。 快来收藏学习吧
https://www.xiaohongshu.com/explore/62d179c4000000001200b258,🌈Python初学必会的69个内置函数,"🌈Python内置函数, 是Python自带的可以直接拿来直接用的函数，比如大家熟悉的print，range、input等，也有不是很熟，但是很重要的，如enumerate、zip、join等，这些函数非常精巧且强大。 	 🔥Python初学者们常常会忽略这些函数，导致代码读起来会比较糟糕，明明有内置函数可以使用，却要自己写一个，还不一定好用 	 所以Python初学者掌握这些内置函数是有很多好处的，写出的代码简洁易读，方便又实用，值得花时间学习🤗"
https://www.xiaohongshu.com/explore/6232fde5000000000102f26a,初识Python,"#python   #python学习   #程序员   #编程   #软件测试   #学习软件测试。大家好我是小谭今天开始跟大家讲解拍摄首先我们来认识一下拍摄拍摄有哪些优点呢一个是他简洁明了它比其他的编程语言更容易上手更容易的学习第二一个是他开放的圆码因此呢它有强大的一个社区生态有很多的框架和第三方顾可供我们使用第三一个是拍摄代码可以作用于不同的操作系统第四一个是他支持两种主流的变成范式比如面向对象编程和函数式编程不学的小伙伴可能对这两个概念有所陌生不用担心后面我们讲到那么,呢缺点是哪些呢第一个它的执行效率很低不如 c语言和 c加加语言第二一点社区生态多它的框架也多这是它的一个优点但同时也是它的一个缺点啊它的框架太多了比如他的微博框架就有一百个我们会有选择了困难症学费了吗我的铁粉们"
https://www.xiaohongshu.com/explore/6424e9ae000000002702abaa,5天背完，你的Python 就牛了！,Python 基础知识背记🧳 🪣该说不说，对Python新人小白来说，真的很实用！ 不管我们学习哪一门编程语言，基础知识都要掌握扎实，基础功非常的重要。 ☄️也不管我们学习的目的是什么，不得不说Python 都是一门值得付出时间去学习的优秀编程语言。 	 📣📣Python背记手册，随时查阅
https://www.xiaohongshu.com/explore/6436239f000000001301470d,Python入门必备，软件基金会主席潜心力作,👉🏻👉🏻Python软件基金会主席潜心力作，历经三版锤炼，Python入门、进阶全面覆盖，大量Python 3.6源代码示例，边做边学，完整项目案例，指导开发实践，配备精深习题及答案，方便自学。👈👈 🔴书名：Python快速入门 🔴豆瓣评分：8.7分 🔴作者： 娜奥米·塞德（ Naomi Ceder ） ►►娜奥米·塞德（Naomi Ceder）是Python软件基金会主席。自2001年以来，她一直在学习、使用和教授Python。◄◄ ►►她的编程生涯已经持续了近30年，使用过多种编程语言，做过Linux系统管理员、编程教师、开发人员和系统架构师。她从2001年开始使用Python，从此向各个层次的用户讲授Python，从12岁的孩子到专业编程人员都有。◄◄ ■■■■■■ 🔴内容简介： 本书分为部分， ✔️第部分讲解Python的基础知识，对Python进行概要的介绍； ✔️第部分介绍Python编程的重点，涉及列表、元组、集合、字符串、字典、流程控制、函数、模块和作用域、文件系统、异常等内容； ✔️第部分阐释Python的高级特性，涉及类和面向对象、正则表达式、数据类型即对象、包、Python库等内容； ✔️第部分关注数据处理，涉及数据文件的处理、网络数据、数据的保存和数据探索，最后给出了相关的案例。 ■■■■■■ 🔴推荐理由： 本书框架结构清晰，内容编排合理，讲解循序渐进，并结合大量示例和习题，让读者可以快速学习和掌握Python，既适合Python初学者学习，也适合作为专业程序员的简明Python参考书。👍🏻👍🏻
https://www.xiaohongshu.com/explore/60ab2b7f00000000210388d2,Python数据可视化｜交互式高逼格｜含自学资源,交互式的数据可视化图，可以更加直观、方便的观察数据，并且更加方便去拆分维度的分析数据背后的故事。 - 在小红书做Python/SQL/数据可视化/数据分析的初心是为了更好的沉淀自己所学的东西，并且和大家分享我所掌握的，一起变的更好。很开心在2年来的时间里，大家陪着我一起零基础的学习、硕士Distinction的毕业、拿到大厂的数据开发的校招Offer。 - 由于现在工作日常会很忙，Python做数据可视化的教程不能更新的很及时，之前也分享了很多学习数据可视化的资源、网站，大家都可以用起来！有问题我们一起交流，然后变得更好！ 	 数据可视化｜数据分析｜Python @日常薯  @校园薯  @知识薯  @薯队长 #办公软件使用技巧
https://www.xiaohongshu.com/explore/64086d380000000013007931,100天带你学Python - Day3,"Day3 介绍一下Python的基础数据类型 &gt;&gt;&gt; 数学中有无理数和无理数、质数和合数，Python的数据也有特定的类别。在实际编写代码时，可以根据不同的需求选择合适的数据类型。 &gt;&gt;&gt; Python的数据类型按照单个元素和集合元素分别分类： 🔢 单个元素（详见p2）： 1. 整数：包括正负数和0 2. 浮点数：带有小数点的数，哪怕只是带了小数点的整数，例如0.0或-5.0 3. 布尔值：唯二的值True和False，对应自然语言中的“是”和“否” 4. 字符串：引号括住一切，包括&quot;a&quot;, &quot;1&quot;, &#39;3.14&#39;, &quot;string&quot;等 📚 集合元素（详见p3）： 有序集合： 1. 列表：任意数据类型、可变 2. 元组：任意数据类型、不可变 无序集合： 3. 集合：元素具有唯一性，概念类似于数学中的集合 4. 字典：键值对，每个键对应一个值 应用场景如存储每个学生的分数：{&quot;Sam&quot;: 92, &quot;Lucy&quot;: 94, &quot;Mark&quot;: 83} &gt;&gt;&gt; p4：列表的元素和索引 p5：元组vs列表 p6：一些常用的集合操作函数"
https://www.xiaohongshu.com/explore/619e39f80000000021038eb3,地表最全汇总🤹一表入门Python运算符‼️,0基础入门Python  Day 63 刷到的宝来学一个Python重点知识吧💁🏻‍♀️✨ 	 ——————————— 	 最近敲代码的时候，各个算运算符傻傻分不清楚🤒 索性一次整理下来，常翻出来康康 同学们一起来看一下吧 	 1⃣️ 算术运算符 算术运算符是对运算数进行算术运算的一系列符号。 	 2⃣️ 比较运算符 比较运算符用于对比数之间的大小或是否相等。 	 3⃣️ 赋值运算符 赋值运算符用于变量的赋值和更新。 	 4⃣️ 按位运算符 十进制数被人们广泛使用，但对于计算机而言，二进制数反而是更重要的，计算机的一切计算都建立在二进制数计算的基础上。按位运算是一种将十进制数转为二进制数再进行运算的过程。 	 5⃣️ 逻辑运算符 逻辑运算即判断事物之间的“与”“或”“非”关系，Python中的逻辑运算符包含and、or、not。 	 6⃣️ 身份运算符 身份运算符用于比较两个对象的储存单位。 	 🌟 详细示例同学们看图哦~~ 还有运算符优先级也不要错过啦✨ 	 今天就到这里啦，更多Python知识点可以看我主页哦 我会持续更新入门知识点的，我们一起加油吧✌️️🥳✌️️ 	        @知识薯
https://www.xiaohongshu.com/explore/6433da5e000000001203ea00,Python黑客全套白嫖，很难找这么全了,Python+Kali网络安全黑客技术全教程，错过了这村就没这店了。 60全套教程包括内容干货+实战演习+模拟靶场训练 ，零基础小白一定不能错过√
https://www.xiaohongshu.com/explore/642fb61b000000001303c14a,Python记不住函数代码怎么办？！,哈喽薯宝们，大家好呀~ 👉对于很多编程小白来说，不熟悉的代码，海量的函数语法，都会严重影响学习的进度 👉今天十七就给大家分享一份Python函数速查手册，每个函数都有相应的描述，想不起来函数时随手查一下，灵感不就来了吗 @知识薯
https://www.xiaohongshu.com/explore/6145a13b0000000001029264,python基础第一课：变量及基本运算,python学习第一课，变量及基本运算学习
https://www.xiaohongshu.com/explore/63ef446100000000130078ef,真心建议大学生都去学Python！！！,课题研究、互联网＋比赛、实习数据报告等很多时候都会用到Python‼️用它来数据清洗和分析！学会编程才知道高效做科研有多爽今天来和大家分享一下之前 Python 入门经验！ 🔺编程的本质是实验练习‼️ 🔺光背理论不实际操作都是无用功❌ ✅为什么需要学Python 🔺告别无效努力：数据清洗，告别无效数据！！高质量的数据会让课题进度事半功倍‼️ 🔺可视化成果：用代码将数字转化成图表可以让结果更明晰！从不同纬度解读数据！ 🔺毕业论文：写论文或者说打比赛搞科研都需要进行数据清洗！这个时候Python它就上场了！！真的上手很快！ 🔺期末考:总不能挂科是吧现在很多专业都开设有计算机课程！开学期末考的大学生们看过来！pythontip来复习真的很绝！里面延伸的课程有一个是👍从零开始学Python！小白们都去看这个！学完之后Python肯定能入门！如果没有老师教或者听不进去的都进去看！完全不枯燥而且一套课程下来基础知识巩固完全没问题so应付期末考试肯定也绰绰有余❗ 这个里面实验很多再强调一遍编程打完基础语法之后就要不停的实际操作才能进步！这个虽然是基础篇但是实验也是重中之重！咱普通人的编程思维是需要慢慢培养的‼️坚持下来会有1+1＞2的效果！！ 	 另外这个是📱平板和💻都可以在线学习喔很方便！ 	 ✅软件的话 python日常写脚本就是常规的IDLE很轻便但是功能单一，pycharm目前用着感觉也很不错！原则自己喜欢的就可以啦！不过上面的课程里是可以在线练习的，我一般是改完之后再练习题在程序里面跑一遍巩固一下毕竟学到了才能是自己的！ 我们更高处见！
https://www.xiaohongshu.com/explore/621592f1000000002103f4c1,python编程 亮哥私藏学习网站,python编程 亮哥私藏学习网站 #python #科技特长生 #少儿编程 #学长学姐有话说。我用过无数五花八门的拍子，编程网站作为编程的资深人士，现在我梳理之后给你推荐这八个拍子学习网站，一菜鸟教程，我以前说过这网站十年前就有了，我大学还靠着他一天，学会拍森之后拿到了美国数学金模比赛全球一等奖，来着，主要优点呢，就是不啰嗦，跟他名字一样写的，都是入门小白最需要的东西，但是这个很多水货网课还没人家免费网站做得好，你先拿他入门以后再花个几十块钱买一本更专业的书深入去学基本上拍森，你就精通了廖雪峰的官方网站，廖雪峰，以前是大学老师讲课很烂，但是写博课很好，后来去哪里，这其实是它具有学习笔记的一个博客网站跟菜鸟教程差不多或者稍高一点的东西。三莫凡拍森莫凡呢，是以前在澳洲的一个中国留学生人家不像在中国亮哥天天加班，这样没时间他放学之后天天做学习视频发，我成就了现在这个网站呢，我是强烈推荐！因为它实际上涵盖了你关心的拍森技术学习也有你关心的爬虫数据分析进行学习深度学习，强化学习等等教程简直是不要太牛逼，我看很多小红书博主都没有推荐过，因为他网站最火 so群众最高的东西，其实是深度学习，强化学习这些人工智能课程啊粉丝们排粉技术学习完两个出视频带你们搞人工智能，其他45678，我就直接说了，全都是免费的默克网站网易公开个中国大学木课，学堂，在线艾课程，这四个呢？特点就是教授讲课居多，优点是讲的东西 ppt很全，然后框架性比较好缺点就是入门念 ppt叫做你可以先学完基础的，然后两倍速快进看看这些教授的视频互相补充一下，那么最后推荐一个博客网站叫绝，经，廖写方能写博客成就自习你的入门学习过程也是别人需要的，所以亮哥用过设计方文很好，你多写博客比你多些笔记好，因为博客在网上想用啥以前学过的，但是想不起来，细节直接掉来看一遍自己的博客就能用，而且代码还能直接粘贴多爽呀，评论区打中你的学习困惑亮哥帮你解答，关注亮哥，咱们少花冤枉钱，也能学会。编程
https://www.xiaohongshu.com/explore/6437bdb00000000013011302,🔥Python学习顺序👉不要弄反啦❌,🔥Python自学，免不了要走很多弯路，学习顺序不要弄反了🤗 	 ✅第一阶段:Python基础 这是Python的入门阶段，也是帮助零基础的人打好基础的重要阶段，让零基础小白可以具备基础的编程能力。 ✅第二阶段:web全栈 掌握掌握Web前端技术内容、Web后端框架，并熟练使用Flask、Tornado、 Django。 ✅第三阶段:数据分析+机器学习 	 掌握爬虫、数据采集，数据机构与算法进阶和人工智能技术，学完后可以完成爬虫攻防、图片马赛克、电影推荐系统、地震预测、人工智能项目等阶段项目。 ✅第四阶段:高级进阶 掌握自动化运维与区块链开发技术，可以完成自动化运维项目、区块链等阶段项目。                  #你学习编程的目标是 
https://www.xiaohongshu.com/explore/64368738000000002702a4e9,1885页python从入门到进阶教程 不能错过‼️,嗨喽 小白来啦 对于初学Python或转行Python的小白来说，最大的悲哀莫过于书啃了一大堆，但仍不会用Python。 但是不用担心 Python的学习方法有上百种，但不是每一种都适合你，只有找对了方向，才会让迷茫的你学有所成。今天小白就给大家分享一份1885页python从入门到进阶教程 不能错过   毕竟你跟别人的差距，不在于你走的慢。而在于，别人走的时候，你一直在看。加油吧，好学的你。
https://www.xiaohongshu.com/explore/6433b0520000000027011f6c,用Python敲几行代码就可以进行数据可视化？,如果你有数据可视化的需求但是又不会前端，并且不想为学前端耗费时间和精力那我强烈强烈推荐你使用这个Streamlit框架。这个框架是一个基于Python的可视化工具，和其他可视化工具不同的是，它生成的是一个可交互式的站点页面。 大家好，我是AI书籍分享官小雲，我会在小红书分享一些我觉得还不错的人工智能书籍和资料，大家感兴趣的可以点个关注。 最最重要的是整个过程不需要你有任何的前端知识，Streamlit可以快速的帮助我们创建定制化的web应用，用来展示自己的模型检测结果简直不要太方便。可以说是机器学习和数据科学领域的可视化神器，而且学习起来也是比较简单的。 只需要你会基础的Python就可以快速上手。 我建议大家可以跟着这本使用Python的Streamlit初学者指南进行学习，PDF一共215页需要的我可以分享给大家。 这本书面向的人群就是Streamlit新手，文中的实例都是非常简单易懂的让你只用少量的时间精力就可以完全掌握Streamlit的用法，作者通过大量的截图和代码实例非常清晰的讲解了Streamlit的各种应用方法和细节。 这本书还非常有针对性的讲解了在实际应用中的用法，比如作者详细说明了如何使用它进行数据可视化、如何创建交互式表单、如何使用Streamlit部署应用等都是非常非常实用的内容。 好了今天的分享到这就结束了我们下次再见。
https://www.xiaohongshu.com/explore/6434ca14000000001300b7aa,🐴住‼️8个适合新手练习python的网站,很多人觉得学习编程是一件非常枯燥无味的事情。 📖📖📖其实，你完全可以换种方法学习哦！不喜欢看书 ！视频也坚持不了听完？那么以玩游戏方式你喜不喜欢呢？ 🏁所以！今天给大家推荐8个可以通过打游戏的方式进行学习编程的网站❗赶紧🐴住❗
https://www.xiaohongshu.com/explore/6432b319000000001303dcac,可能是最强的Python可视化神器,Plotly是一款用来做数据分析和可视化的在线平台，功能非常强大，可以在线绘制很多图形比如条形图、散点图、饼图、直方图等等。 	 而且还是支持在线编辑，以及多种语言python、javascript、matlab、R等许多API。它在python中使用也很简单，直接用pip install plotly就可以了。
https://www.xiaohongshu.com/explore/624c2a99000000000102d8de,教女朋友学Python（六）导入模块,1️⃣ 导入模块大家都知道用 import ，假设我们现在想要拿到储存柜上的苹果、水和架子上的香蕉，应该怎样做呢？ 2️⃣ 首先是 from ... import ... 语句，这等于我们将需要的东西从对应的地方取下来，与之无关的东西原封不动。 3️⃣ 或者直接使用 import 语句，这相当于导入整个模块。 4️⃣ 一般这两种方式都可以正确导入我们需要的内容。 5️⃣ 假如你的项目非常庞大，有着成百上千个零零散散的文件，from ... import ... 的逻辑是按文件导入内容，使用这种语法逐个导入就会异常臃肿和混乱；但如果直接使用 import 全部导入又会使一些不需要的内容跟随一起导入。有没有办法可以让我们优雅地导入指定的东西呢？ 6️⃣ 好的解决方法是我们将需要集体导入的元素先打包成模块，相当于构建了一个临时的、装有你所需内容的文件。在实际应用时再从模块里导入元素，这样显得即简洁又方便。 7️⃣ 那 Python 怎么知道一个文件夹应不应该当作模块处理？关键是看里面有没有__init__.py 这个文件，这个文件相当于模块的说明书，告诉解释器在这个文件夹被当成模块导入时应该怎么打包。假如对模块的导入没有具体要求这个文件可以不写（Python 3.3后）或者留空，如果有要求则一定要写在这个文件中。此外模块也可以层层嵌套，即一个模块放在另一个模块内部。 8️⃣ 像这样，当接到 import 模块命令时，解释器就会执行 __init__.py 并将打包好的模块回传到对应的文件中。 9️⃣ 上图的代码，试试吧。 	 thanks to 小海狮（技术） 黑色坏喵（总监） 四方狗（茶水）
https://www.xiaohongshu.com/explore/64378e1d0000000027012d2f,常用的python函数，赶快背起来吧,当我们自学编程的时候，强调更多的东西是理解和实际去敲代码～ 📌新手在接触的函数以及其他知识比较多的时候，经常会看完需求之后不知道自己用什么方法来实现它，但有些东西你是要必须牢记的，否则你写代码就会经常性的卡壳老手已经烂熟于心，新手想要快速得心应手开发，记住高频使用函数就是一个好方法 📌最近我专门整理了 Python常用的一些函数，方便宝子们进行快速的记忆，记得每天快速过一遍哦，用的时候再加深一下，慢慢的你就会摆脱写代码卡壳的状况啦
https://www.xiaohongshu.com/explore/640dc60f000000001300052e,100天带你学Python - Day6,今天的内容是海龟绘图第一篇运用Python内置的turtle库画一些基础的图形~ &gt;&gt;&gt; P2: 点（不同的大小和颜色） P3: 线（以点作为基础画一些线段） P4: 圆○和圆弧 P5: 画一个简单的五角星（借助线和角度的旋转） &gt;&gt;&gt; ⏰明天会继续介绍【海龟绘图进阶】画一些更复杂的图案 	 顺便这周的内容周末也会在直播中演示哒上周试了一次直播【关于Python基础数据类型的函数和应用】 感兴趣的小伙伴可以从小杨主页的直播动态查看（建议1.5倍速）还可以预约本周的直播 小杨现场答疑 	 ✍🏻大家有任何问题或者有什么想小杨整理的内容都可以在评论区留言，小杨看到都会回复哒
https://www.xiaohongshu.com/explore/622818e1000000002103dca3,Python，C++ 你怎么选？,第一门语言学的C，后来java用的比较多，连Delphi都用过。到Python不用定义类型，不用打   &quot;;&quot;了，一开始各种不习惯   ++
https://www.xiaohongshu.com/explore/6436a173000000000703bd69,Python全网最正确的学习顺序！千万别搞反了,python 自学最怕走弯路！全网最正确的顺序，我放下面啦 1第一阶段：Python基础 是帮助零基础的人打好基础的重要阶段，让小白 可以具备基础的编程能力。 2第二阶段：web全栈 可以掌握掌握 Web前端技术内容、Web后端框架，并熟练使用 Flask、Tornado、Djangoo 3第三阶段：数据分析＋人工智能 可以掌握爬虫、数据采集，数据机构与算法进阶 和人工智能技术 4第四阶段:高级进阶 可以掌握自动化运维与区块链开发技术，可以完成自动化运维项目、区块链等阶段项目。 配套的阅读书籍回我放后图了。 一定要查阅完，不要遗漏知识点，每个都是干货，及时查漏补缺
https://www.xiaohongshu.com/explore/64364a3300000000140278e6,5天背完这些，你的python就牛了！,不得不说，对python新人小白来说，真的很实用！ 作为过来人，知道小白自学不易，所以给大家整理了一套适用于小白初学者的学习教程和笔记，真心希望可以帮助到大家！
https://www.xiaohongshu.com/explore/6157093300000000210350d0,💻如何安装纯净的Python环境,😄安装Python一点都不难，按照视频中的操作即可安装成功。 	 ⚠️注意以下要点： 1⃣️去官网下载合适版本的Python 👌 2⃣️在安装时点击Add Python to Path复选框 ☑️ 3⃣️不要安装在C盘 👋 4⃣️不用删掉安装包，因为以后可以用它来卸载当前版本的Python 🌟 5⃣️安装成功后记得验证Python是否成功添加到环境中 	 #Python
